Load image from local folder	2	https://stackoverflow.com/questions/29780497	https://stackoverflow.com/questions/1198954
List XML element Attributes	5	https://stackoverflow.com/questions/6773773	https://stackoverflow.com/questions/17776302
Connect to a SQLite database	2	https://stackoverflow.com/questions/19398975	https://stackoverflow.com/questions/12385781
Send email with attachment in Java	1	https://stackoverflow.com/questions/935714	https://stackoverflow.com/questions/935714
How to download a complete folder from a FTP server	30	https://stackoverflow.com/questions/45893027	https://stackoverflow.com/questions/4322315
How to resize images in Java	2	https://stackoverflow.com/questions/244177	https://stackoverflow.com/questions/9403763
Generate random integer	5	https://stackoverflow.com/questions/29279143	https://stackoverflow.com/questions/1377218
How do I check if a string is a valid date?	4	https://stackoverflow.com/questions/30578421	https://stackoverflow.com/questions/15813514
How do I format a number with leading zeros?	6	https://stackoverflow.com/questions/275715	https://stackoverflow.com/questions/9539012
How do I iterate each characters of a string?	1	https://stackoverflow.com/questions/196834	https://stackoverflow.com/questions/196834
How do I ping a host?	1	https://stackoverflow.com/questions/29460716	https://stackoverflow.com/questions/29460716
Append string to a text file	1	https://stackoverflow.com/questions/22609585	https://stackoverflow.com/questions/22609585
Reads a text file and displays it line by line	10	https://stackoverflow.com/questions/45350777	https://stackoverflow.com/questions/9857707
Insert images in mongoDB	1	https://stackoverflow.com/questions/4245903	https://stackoverflow.com/questions/4245903
How do I pause the current thread?	26	https://stackoverflow.com/questions/14074681	https://stackoverflow.com/questions/4801363
Java Program to Calculate average of numbers using Array	9	https://stackoverflow.com/questions/7008288	https://stackoverflow.com/questions/47460604
Java Program to display first 100 prime numbers	6	https://stackoverflow.com/questions/10319818	https://stackoverflow.com/questions/28970343
Java Program to check Leap Year	1	https://stackoverflow.com/questions/25617941	https://stackoverflow.com/questions/25617941
Java Program to find ASCII value of a character	1	https://stackoverflow.com/questions/16458601	https://stackoverflow.com/questions/16458601
Java Program to read number from Standard Input	1	https://stackoverflow.com/questions/20334452	https://stackoverflow.com/questions/20334452
Find maximum element of ArrayList	1	https://stackoverflow.com/questions/19546722	https://stackoverflow.com/questions/19546722
Stopping a Thread with interrupt()	2	https://stackoverflow.com/questions/20528423	https://stackoverflow.com/questions/1680611
Write lines of text to file using a PrintWriter	1	https://stackoverflow.com/questions/11496769	https://stackoverflow.com/questions/11496769
How do I get current number of live threads?	24	https://stackoverflow.com/questions/1922300	https://stackoverflow.com/questions/47065708
How do I get the last element of SortedSet?	2	https://stackoverflow.com/questions/8360827	https://stackoverflow.com/questions/21231121
Java Program to Get IP Address	1	https://stackoverflow.com/questions/28477092	https://stackoverflow.com/questions/28477092
Load an Image from a JAR file	3	https://stackoverflow.com/questions/37054379	https://stackoverflow.com/questions/12290352
Call a procedure with one IN OUT parameter	1	https://stackoverflow.com/questions/17390648	https://stackoverflow.com/questions/17390648
Java Program to find Factorial of a number using Recursion	3	https://stackoverflow.com/questions/11447287	https://stackoverflow.com/questions/40662752
Java Program to get Input From User	1	https://stackoverflow.com/questions/34549731	https://stackoverflow.com/questions/34549731
Java Program to Check Even or Odd Number	1	https://stackoverflow.com/questions/45789981	https://stackoverflow.com/questions/45789981
How do I get MAC address of a host?	1	https://stackoverflow.com/questions/26667426	https://stackoverflow.com/questions/26667426
How do I convert number into Roman Numerals?	1	https://stackoverflow.com/questions/17376764	https://stackoverflow.com/questions/17376764
How do I extend classes in Java?	8	https://stackoverflow.com/questions/7415469	https://stackoverflow.com/questions/41810622
Java Program to check Prime Number	2	https://stackoverflow.com/questions/46877958	https://stackoverflow.com/questions/46878248
Java Program to Convert Decimal to Binary	1	https://stackoverflow.com/questions/26311732	https://stackoverflow.com/questions/26311732
How do I open a file using the default registered application?	1	https://stackoverflow.com/questions/2547004	https://stackoverflow.com/questions/2547004
How do I convert angle from radians to degrees?	3	https://stackoverflow.com/questions/28316570	https://stackoverflow.com/questions/17764581
How to pretty print JSON string using Jackson?	1	https://stackoverflow.com/questions/44101386	https://stackoverflow.com/questions/44101386
Counting word occurrences in a text file	3	https://stackoverflow.com/questions/4094186	https://stackoverflow.com/questions/10251081
Getting the Size of the Java Memory Heap	7	https://stackoverflow.com/questions/11578259	https://stackoverflow.com/questions/20656383
Terminate virtual machine using System class	1	https://stackoverflow.com/questions/31479675	https://stackoverflow.com/questions/31479675
set Timestamp to Database	1	https://stackoverflow.com/questions/23697131	https://stackoverflow.com/questions/23697131
convert URL query String to Map	8	https://stackoverflow.com/questions/37600116	https://stackoverflow.com/questions/40355295
Returns the root cause of the specified exception	1	https://stackoverflow.com/questions/17747232	https://stackoverflow.com/questions/17747232
Getting the Cookies from an HTTP Connection	1	https://stackoverflow.com/questions/5921409	https://stackoverflow.com/questions/5921409
fill array with filling char	1	https://stackoverflow.com/questions/9128764	https://stackoverflow.com/questions/9128764
get Browser from user agent	1	https://stackoverflow.com/questions/26870975	https://stackoverflow.com/questions/26870975
import Csv from File	3	https://stackoverflow.com/questions/6437500	https://stackoverflow.com/questions/1913518
Check if a path is a symbolic link	2	https://stackoverflow.com/questions/39256292	https://stackoverflow.com/questions/23552306
write UTF8 to File	16	https://stackoverflow.com/questions/1001568	https://stackoverflow.com/questions/34245174
Get Number Of Entries In Zip File	1	https://stackoverflow.com/questions/33910505	https://stackoverflow.com/questions/33910505
get Last Inserted ID from mysql	2	https://stackoverflow.com/questions/14170703	https://stackoverflow.com/questions/14170663
Returns intersection of two collections	1	https://stackoverflow.com/questions/8882139	https://stackoverflow.com/questions/8882139
Load and play wav file	1	https://stackoverflow.com/questions/12059638	https://stackoverflow.com/questions/12059638
