Parent Title;Link;Rodrigo;Klerisson;Rodrigo agreement;Klerisson agreement


How to pretty print JSON string using Jackson?

Pretty-Print JSON in Java;https://stackoverflow.com/questions/4105898/
Pretty-Print JSON in Java;https://stackoverflow.com/questions/7310424/
Pretty-Print JSON in Java;https://stackoverflow.com/questions/9583835/
Pretty-Print JSON in Java;https://stackoverflow.com/questions/9775878/
Pretty-Print JSON in Java;https://stackoverflow.com/questions/12734617/
Pretty-Print JSON in Java;https://stackoverflow.com/questions/17240069/
Pretty-Print JSON in Java;https://stackoverflow.com/questions/21882293/
Pretty-Print JSON in Java;https://stackoverflow.com/questions/29094958/
Pretty-Print JSON in Java;https://stackoverflow.com/questions/32480523/
Pretty-Print JSON in Java;https://stackoverflow.com/questions/39899845/
Pretty-Print JSON in Java;https://stackoverflow.com/questions/44101386/
Pretty-Print JSON in Java;https://stackoverflow.com/questions/49564514/
JSON Beautifier Library for Java;https://stackoverflow.com/questions/5457590/
JSON Beautifier Library for Java;https://stackoverflow.com/questions/32010483/
JSON Beautifier Library for Java;https://stackoverflow.com/questions/38494589/
How do I pretty-print existing JSON data with Java?;https://stackoverflow.com/questions/21885785/
How do I pretty-print existing JSON data with Java?;https://stackoverflow.com/questions/21991822/
How do I pretty-print existing JSON data with Java?;https://stackoverflow.com/questions/26442839/
How do I pretty-print existing JSON data with Java?;https://stackoverflow.com/questions/39012988/
How do I pretty-print existing JSON data with Java?;https://stackoverflow.com/questions/45265571/
How do I get the compact form of pretty-printed JSON code?;https://stackoverflow.com/questions/12174201/
How do I get the compact form of pretty-printed JSON code?;https://stackoverflow.com/questions/18777137/
How do I get the compact form of pretty-printed JSON code?;https://stackoverflow.com/questions/42170511/
Convert JSON String to Pretty Print JSON output using Jackson;https://stackoverflow.com/questions/14516240/
Convert JSON String to Pretty Print JSON output using Jackson;https://stackoverflow.com/questions/14532435/
Convert JSON String to Pretty Print JSON output using Jackson;https://stackoverflow.com/questions/21105219/
Convert JSON String to Pretty Print JSON output using Jackson;https://stackoverflow.com/questions/22032786/
Convert JSON String to Pretty Print JSON output using Jackson;https://stackoverflow.com/questions/23982549/
Convert JSON String to Pretty Print JSON output using Jackson;https://stackoverflow.com/questions/38653567/
Pretty printing JSON from Jackson 2.2s ObjectMapper;https://stackoverflow.com/questions/17617497/
Pretty printing JSON from Jackson 2.2s ObjectMapper;https://stackoverflow.com/questions/17617958/
Pretty printing JSON from Jackson 2.2s ObjectMapper;https://stackoverflow.com/questions/29128783/
Pretty printing JSON from Jackson 2.2s ObjectMapper;https://stackoverflow.com/questions/30411180/



Counting word occurrences in a text file

Java Counting # of occurrences of a word in a string;https://stackoverflow.com/questions/21955863/
Counting number of words in a file;https://stackoverflow.com/questions/4094186/
Counting number of words in a file;https://stackoverflow.com/questions/4094509/
Counting number of words in a file;https://stackoverflow.com/questions/4126807/
Counting number of words in a file;https://stackoverflow.com/questions/10251081/
Find specific word in text file and count it;https://stackoverflow.com/questions/13029998/
Find specific word in text file and count it;https://stackoverflow.com/questions/13030011/
Find specific word in text file and count it;https://stackoverflow.com/questions/13030030/
Find specific word in text file and count it;https://stackoverflow.com/questions/15294033/
Find specific word in text file and count it;https://stackoverflow.com/questions/31843045/
Find specific word in text file and count it;https://stackoverflow.com/questions/33843222/
How to count the number of occurrences of words in a text;https://stackoverflow.com/questions/13979461/
How to count the number of occurrences of words in a text;https://stackoverflow.com/questions/13980675/
Sorting string occurrences from text file;https://stackoverflow.com/questions/40701053/
Sorting string occurrences from text file;https://stackoverflow.com/questions/40701476/



Getting the Size of the Java Memory Heap

How to deal with java.lang.OutOfMemoryError: Java heap space error (64MB heap size);https://stackoverflow.com/questions/3500230/
How to deal with java.lang.OutOfMemoryError: Java heap space error (64MB heap size);https://stackoverflow.com/questions/5121287/
How to deal with java.lang.OutOfMemoryError: Java heap space error (64MB heap size);https://stackoverflow.com/questions/19222984/
How to deal with java.lang.OutOfMemoryError: Java heap space error (64MB heap size);https://stackoverflow.com/questions/37460287/
Increase heap size in Java;https://stackoverflow.com/questions/1566026/
Increase heap size in Java;https://stackoverflow.com/questions/15517399/
Increase heap size in Java;https://stackoverflow.com/questions/47388044/
How to view the current heap size that an application is using?;https://stackoverflow.com/questions/2015524/
How to view the current heap size that an application is using?;https://stackoverflow.com/questions/44603197/
how to get the min and max heap size settings of a JVM from within a Java program;https://stackoverflow.com/questions/2253999/
Increasing the JVM maximum heap size for memory intensive applications;https://stackoverflow.com/questions/3067285/
Increasing the JVM maximum heap size for memory intensive applications;https://stackoverflow.com/questions/29777922/
how to increase java heap memory permanently?;https://stackoverflow.com/questions/11578259/
Command-line Tool to find Java Heap Size and Memory Used (Linux)?;https://stackoverflow.com/questions/15861780/
Command-line Tool to find Java Heap Size and Memory Used (Linux)?;https://stackoverflow.com/questions/16601033/
Command-line Tool to find Java Heap Size and Memory Used (Linux)?;https://stackoverflow.com/questions/22108304/
Command-line Tool to find Java Heap Size and Memory Used (Linux)?;https://stackoverflow.com/questions/38759136/
Command-line Tool to find Java Heap Size and Memory Used (Linux)?;https://stackoverflow.com/questions/41027402/
Command-line Tool to find Java Heap Size and Memory Used (Linux)?;https://stackoverflow.com/questions/41038419/
Command-line Tool to find Java Heap Size and Memory Used (Linux)?;https://stackoverflow.com/questions/46025098/
Java get available memory;https://stackoverflow.com/questions/12807848/
Java get available memory;https://stackoverflow.com/questions/12809738/
Java get available memory;https://stackoverflow.com/questions/18366283/
Java get available memory;https://stackoverflow.com/questions/36533471/



Writing Log Records to a Log File

How to write error log or exception into file in java;https://stackoverflow.com/questions/9362616/
How to write error log or exception into file in java;https://stackoverflow.com/questions/9362707/
Java Logging - where is my log file?;https://stackoverflow.com/questions/9459692/
How to solve transactional logging in Java?;https://stackoverflow.com/questions/10671371/
How to write logs in text file when using java.util.logging.Logger;https://stackoverflow.com/questions/15758768/
How to write logs in text file when using java.util.logging.Logger;https://stackoverflow.com/questions/15758818/
How to write logs in text file when using java.util.logging.Logger;https://stackoverflow.com/questions/19109637/
How to write logs in text file when using java.util.logging.Logger;https://stackoverflow.com/questions/22984168/
How to write logs in text file when using java.util.logging.Logger;https://stackoverflow.com/questions/24371368/
How to write logs in text file when using java.util.logging.Logger;https://stackoverflow.com/questions/41950347/
Log4J creates log file but does not write to it;https://stackoverflow.com/questions/27151497/
How to customize java log file to contain at most N log records only instead of size in bytes;https://stackoverflow.com/questions/47871758/



Terminate virtual machine using System class

How do you crash a JVM?;https://stackoverflow.com/questions/74780/
How do you crash a JVM?;https://stackoverflow.com/questions/799757/
How do you crash a JVM?;https://stackoverflow.com/questions/1378388/
How do you crash a JVM?;https://stackoverflow.com/questions/2849632/
How do you crash a JVM?;https://stackoverflow.com/questions/11636338/
How do you crash a JVM?;https://stackoverflow.com/questions/22905184/
How do you crash a JVM?;https://stackoverflow.com/questions/28650035/
How to quit a java app from within the program;https://stackoverflow.com/questions/2670980/
How to quit a java app from within the program;https://stackoverflow.com/questions/31660211/
When should we call System.exit in Java;https://stackoverflow.com/questions/3715995/
When should we call System.exit in Java;https://stackoverflow.com/questions/3716225/
When should we call System.exit in Java;https://stackoverflow.com/questions/19823373/
Killing a process using Java;https://stackoverflow.com/questions/6356423/
Killing a process using Java;https://stackoverflow.com/questions/11366828/
Killing a process using Java;https://stackoverflow.com/questions/16214693/
Killing a process using Java;https://stackoverflow.com/questions/17430683/
Killing a process using Java;https://stackoverflow.com/questions/42847787/
Can a main method in Java return something?;https://stackoverflow.com/questions/7130292/
Can a main method in Java return something?;https://stackoverflow.com/questions/7130293/
Terminating a Java Program;https://stackoverflow.com/questions/22453082/
The forked VM terminated without saying properly goodbye. VM crash or System.exit called;https://stackoverflow.com/questions/33757854/
The forked VM terminated without saying properly goodbye. VM crash or System.exit called;https://stackoverflow.com/questions/38925634/
The forked VM terminated without saying properly goodbye. VM crash or System.exit called;https://stackoverflow.com/questions/41871704/
Using System.exit() to call another method within the same class;https://stackoverflow.com/questions/31479477/
Using System.exit() to call another method within the same class;https://stackoverflow.com/questions/31479675/



set Timestamp to Database

Setting a JPA timestamp column to be generated by the database?;https://stackoverflow.com/questions/812742/
Setting a JPA timestamp column to be generated by the database?;https://stackoverflow.com/questions/5813237/
Setting a JPA timestamp column to be generated by the database?;https://stackoverflow.com/questions/35417851/
Handling MySQL datetimes and timestamps in Java;https://stackoverflow.com/questions/3323870/
Handling MySQL datetimes and timestamps in Java;https://stackoverflow.com/questions/50004826/
How to insert current date and time in a database using SQL?;https://stackoverflow.com/questions/3350978/
How to insert current date and time in a database using SQL?;https://stackoverflow.com/questions/23697131/
How to insert current date and time in a database using SQL?;https://stackoverflow.com/questions/37061049/
How to insert current date into mysql db using java;https://stackoverflow.com/questions/13112851/
How to insert current date into mysql db using java;https://stackoverflow.com/questions/13112855/
How to insert current date into mysql db using java;https://stackoverflow.com/questions/13112862/
How to insert current date into mysql db using java;https://stackoverflow.com/questions/13112873/
How to insert current date into mysql db using java;https://stackoverflow.com/questions/34289457/
Is java.sql.Timestamp timezone specific?;https://stackoverflow.com/questions/14070664/
Is java.sql.Timestamp timezone specific?;https://stackoverflow.com/questions/14070771/
Is java.sql.Timestamp timezone specific?;https://stackoverflow.com/questions/36983204/
How to insert current time in MySQL using Java;https://stackoverflow.com/questions/15534818/
How to insert current time in MySQL using Java;https://stackoverflow.com/questions/15534877/
Setting timestamp to current time in Java;https://stackoverflow.com/questions/32204980/
Setting timestamp to current time in Java;https://stackoverflow.com/questions/32205372/



convert URL query String to Map

Parsing query strings on Android;https://stackoverflow.com/questions/1667436/
Parsing query strings on Android;https://stackoverflow.com/questions/2969715/
Parsing query strings on Android;https://stackoverflow.com/questions/4342549/
Parsing query strings on Android;https://stackoverflow.com/questions/5355866/
Parsing query strings on Android;https://stackoverflow.com/questions/6504381/
Parsing query strings on Android;https://stackoverflow.com/questions/9249147/
Parsing query strings on Android;https://stackoverflow.com/questions/9773975/
Parsing query strings on Android;https://stackoverflow.com/questions/13615838/
Parsing query strings on Android;https://stackoverflow.com/questions/17546198/
Parsing query strings on Android;https://stackoverflow.com/questions/34040238/
Parsing query strings on Android;https://stackoverflow.com/questions/35638979/
Parsing query strings on Android;https://stackoverflow.com/questions/40238359/
How to convert map to url query string?;https://stackoverflow.com/questions/2810102/
How to convert map to url query string?;https://stackoverflow.com/questions/19449298/
How to convert map to url query string?;https://stackoverflow.com/questions/25299206/
How to convert map to url query string?;https://stackoverflow.com/questions/30242274/
How to convert map to url query string?;https://stackoverflow.com/questions/35831692/
How to convert map to url query string?;https://stackoverflow.com/questions/37744000/
How to convert map to url query string?;https://stackoverflow.com/questions/44855441/
Query String Manipulation in Java;https://stackoverflow.com/questions/4128529/
Query String Manipulation in Java;https://stackoverflow.com/questions/4128925/
Query String Manipulation in Java;https://stackoverflow.com/questions/25373435/
Query String Manipulation in Java;https://stackoverflow.com/questions/46113985/
 Convert Map to QueryString;https://stackoverflow.com/questions/7671617/
 Convert Map to QueryString;https://stackoverflow.com/questions/7671650/
Java URL encoding of query string parameters;https://stackoverflow.com/questions/10786112/
Java URL encoding of query string parameters;https://stackoverflow.com/questions/16226168/
Java URL encoding of query string parameters;https://stackoverflow.com/questions/25735202/
Java URL encoding of query string parameters;https://stackoverflow.com/questions/37568559/
Java URL encoding of query string parameters;https://stackoverflow.com/questions/40355295/
Java URL encoding of query string parameters;https://stackoverflow.com/questions/49796882/
Parse a URI String into Name-Value Collection;https://stackoverflow.com/questions/13592324/
Parse a URI String into Name-Value Collection;https://stackoverflow.com/questions/13592567/
Parse a URI String into Name-Value Collection;https://stackoverflow.com/questions/23752349/
Parse a URI String into Name-Value Collection;https://stackoverflow.com/questions/30269582/
Parse a URI String into Name-Value Collection;https://stackoverflow.com/questions/37368660/
Parse a URI String into Name-Value Collection;https://stackoverflow.com/questions/37600116/
Parse a URI String into Name-Value Collection;https://stackoverflow.com/questions/39348897/
Parse a URI String into Name-Value Collection;https://stackoverflow.com/questions/46958658/
Parse a URI String into Name-Value Collection;https://stackoverflow.com/questions/48594445/



Returns the root cause of the specified exception

Causes of getting a java.lang.VerifyError;https://stackoverflow.com/questions/23325795/
Causes of getting a java.lang.VerifyError;https://stackoverflow.com/questions/29471655/
Best way to check whether a certain exception type was the cause (of a cause, etc ...) in a nested exception?;https://stackoverflow.com/questions/610700/
Best way to check whether a certain exception type was the cause (of a cause, etc ...) in a nested exception?;https://stackoverflow.com/questions/610702/
Best way to check whether a certain exception type was the cause (of a cause, etc ...) in a nested exception?;https://stackoverflow.com/questions/610831/
Best way to check whether a certain exception type was the cause (of a cause, etc ...) in a nested exception?;https://stackoverflow.com/questions/24872376/
Best way to check whether a certain exception type was the cause (of a cause, etc ...) in a nested exception?;https://stackoverflow.com/questions/29252884/
Rethrowing exceptions in Java without losing the stack trace;https://stackoverflow.com/questions/27827221/
How can I loop through Exception getCause() to find root cause with detail message;https://stackoverflow.com/questions/17747232/
How can I loop through Exception getCause() to find root cause with detail message;https://stackoverflow.com/questions/17747256/
How can I loop through Exception getCause() to find root cause with detail message;https://stackoverflow.com/questions/27815130/
How can I loop through Exception getCause() to find root cause with detail message;https://stackoverflow.com/questions/28565320/
How can I loop through Exception getCause() to find root cause with detail message;https://stackoverflow.com/questions/37245292/
How can I loop through Exception getCause() to find root cause with detail message;https://stackoverflow.com/questions/44699391/
How can I loop through Exception getCause() to find root cause with detail message;https://stackoverflow.com/questions/48753471/
java.io.FileNotFoundException: the system cannot find the file specified;https://stackoverflow.com/questions/19871999/
java.io.FileNotFoundException: the system cannot find the file specified;https://stackoverflow.com/questions/19872017/
java.io.FileNotFoundException: the system cannot find the file specified;https://stackoverflow.com/questions/19872027/



Getting the Cookies from an HTTP Connection

How to use java.net.URLConnection to fire and handle HTTP requests;https://stackoverflow.com/questions/2793153/
How to use java.net.URLConnection to fire and handle HTTP requests;https://stackoverflow.com/questions/8394587/
How to use java.net.URLConnection to fire and handle HTTP requests;https://stackoverflow.com/questions/19418989/
How to use java.net.URLConnection to fire and handle HTTP requests;https://stackoverflow.com/questions/20239958/
How to use java.net.URLConnection to fire and handle HTTP requests;https://stackoverflow.com/questions/26556900/
How to use java.net.URLConnection to fire and handle HTTP requests;https://stackoverflow.com/questions/27547168/
How to use java.net.URLConnection to fire and handle HTTP requests;https://stackoverflow.com/questions/34810741/
How to use java.net.URLConnection to fire and handle HTTP requests;https://stackoverflow.com/questions/36932953/
How to set Cookies at Http Get method using Java;https://stackoverflow.com/questions/3249263/
How to set Cookies at Http Get method using Java;https://stackoverflow.com/questions/3249428/
How to get cookies with Java?;https://stackoverflow.com/questions/5921409/
jsoup posting and cookie;https://stackoverflow.com/questions/6476916/
jsoup posting and cookie;https://stackoverflow.com/questions/10533408/
jsoup posting and cookie;https://stackoverflow.com/questions/14077817/
HttpsURLConnection and Cookies;https://stackoverflow.com/questions/11863399/
How to send a cookie in a URLConnection?;https://stackoverflow.com/questions/27094464/



ping an Address

How to do a true Java ping from Windows?;https://stackoverflow.com/questions/2448719/
How to do a true Java ping from Windows?;https://stackoverflow.com/questions/8104742/
How to do a true Java ping from Windows?;https://stackoverflow.com/questions/11704715/
How to do a true Java ping from Windows?;https://stackoverflow.com/questions/17525851/
How to do a true Java ping from Windows?;https://stackoverflow.com/questions/35911545/
Preferred Java way to ping an HTTP URL for availability;https://stackoverflow.com/questions/3584332/
Preferred Java way to ping an HTTP URL for availability;https://stackoverflow.com/questions/3584350/
Preferred Java way to ping an HTTP URL for availability;https://stackoverflow.com/questions/3584678/
Preferred Java way to ping an HTTP URL for availability;https://stackoverflow.com/questions/29447672/
Preferred Java way to ping an HTTP URL for availability;https://stackoverflow.com/questions/45939590/
How to Ping External IP from Java Android;https://stackoverflow.com/questions/11525981/
How to Ping External IP from Java Android;https://stackoverflow.com/questions/16458623/
How to Ping External IP from Java Android;https://stackoverflow.com/questions/34912207/
How to Ping External IP from Java Android;https://stackoverflow.com/questions/36778903/
How to Ping External IP from Java Android;https://stackoverflow.com/questions/37868059/
How to ping an IP address;https://stackoverflow.com/questions/11506847/
How to ping an IP address;https://stackoverflow.com/questions/14110872/
How to ping an IP address;https://stackoverflow.com/questions/18030305/
How to ping an IP address;https://stackoverflow.com/questions/29460716/
How to ping an IP address;https://stackoverflow.com/questions/30287787/
How to ping an IP address;https://stackoverflow.com/questions/32637531/
Java: Threads wont ping at the same time;https://stackoverflow.com/questions/32265150/



get Browser from user agent

How can I get client information such as OS and browser;https://stackoverflow.com/questions/1328393/
How can I get client information such as OS and browser;https://stackoverflow.com/questions/18030465/
How can I get client information such as OS and browser;https://stackoverflow.com/questions/26870975/
browser version detection from server side with java;https://stackoverflow.com/questions/13229552/
request.getHeader(User-Agent) throws npe;https://stackoverflow.com/questions/10848455/
How to get the exact client browser name and version in Spring MVC?;https://stackoverflow.com/questions/28323383/



import Csv from File

CSV API for Java;https://stackoverflow.com/questions/105649/
CSV API for Java;https://stackoverflow.com/questions/2146086/
CSV API for Java;https://stackoverflow.com/questions/6437500/
OpenOffice.org import csv with Java;https://stackoverflow.com/questions/439109/
Read CSV with Scanner();https://stackoverflow.com/questions/14274319/
Read CSV with Scanner();https://stackoverflow.com/questions/14274321/
Convert CSV values to a HashMap key value pairs in JAVA;https://stackoverflow.com/questions/20068460/
Convert CSV values to a HashMap key value pairs in JAVA;https://stackoverflow.com/questions/20068534/
Convert CSV values to a HashMap key value pairs in JAVA;https://stackoverflow.com/questions/34510444/
importing data from csv file into access database using java;https://stackoverflow.com/questions/26649081/
importing data from csv file into access database using java;https://stackoverflow.com/questions/26688543/
reading a csv file into a array;https://stackoverflow.com/questions/40075446/



Check if a path is a symbolic link

Java 1.6 - determine symbolic links;https://stackoverflow.com/questions/813730/
Java 1.6 - determine symbolic links;https://stackoverflow.com/questions/5290912/
Java 1.6 - determine symbolic links;https://stackoverflow.com/questions/9040781/
How do I check if a file exists in Java?;https://stackoverflow.com/questions/1816676/
How do I check if a file exists in Java?;https://stackoverflow.com/questions/1816685/
How do I check if a file exists in Java?;https://stackoverflow.com/questions/1816707/
How do I check if a file exists in Java?;https://stackoverflow.com/questions/16790099/
How do I check if a file exists in Java?;https://stackoverflow.com/questions/18371026/
How do I check if a file exists in Java?;https://stackoverflow.com/questions/23552306/
How do I check if a file exists in Java?;https://stackoverflow.com/questions/28065585/
How do I check if a file exists in Java?;https://stackoverflow.com/questions/29871787/
How do I check if a file exists in Java?;https://stackoverflow.com/questions/37570277/
How do I check if a file exists in Java?;https://stackoverflow.com/questions/39256292/
How do I check if a file exists in Java?;https://stackoverflow.com/questions/40905710/
How do I check if a file exists in Java?;https://stackoverflow.com/questions/43631487/
How do I check if a file exists in Java?;https://stackoverflow.com/questions/46296992/
How do I check if a file exists in Java?;https://stackoverflow.com/questions/47451027/
Detecting a symlink in Java;https://stackoverflow.com/questions/19611804/
How to check if a given path is possible child of another path?;https://stackoverflow.com/questions/4746731/
How to check if a given path is possible child of another path?;https://stackoverflow.com/questions/4746734/
How to check if a given path is possible child of another path?;https://stackoverflow.com/questions/4746773/
How to check if a given path is possible child of another path?;https://stackoverflow.com/questions/15169614/
How to check if a given path is possible child of another path?;https://stackoverflow.com/questions/31426416/
Java, Linux: how to detect whether two java.io.Files refer to the same physical file;https://stackoverflow.com/questions/5883305/
Java, Linux: how to detect whether two java.io.Files refer to the same physical file;https://stackoverflow.com/questions/5883320/
Java, Linux: how to detect whether two java.io.Files refer to the same physical file;https://stackoverflow.com/questions/5883716/
Java, Linux: how to detect whether two java.io.Files refer to the same physical file;https://stackoverflow.com/questions/5883998/
Determine whether a file is a junction (in Windows) or not?;https://stackoverflow.com/questions/29647840/
Determine whether a file is a junction (in Windows) or not?;https://stackoverflow.com/questions/29699473/
Determine whether a file is a junction (in Windows) or not?;https://stackoverflow.com/questions/48291462/
How to check if filesystem supports links and symlinks in Java;https://stackoverflow.com/questions/19964765/
Resolving Directory Symlink in Java;https://stackoverflow.com/questions/28372122/
JAVA how to find the target file path that a symbolic link points to?;https://stackoverflow.com/questions/43720165/



write UTF8 to File

How to write a UTF-8 file with Java?;https://stackoverflow.com/questions/1001562/
How to write a UTF-8 file with Java?;https://stackoverflow.com/questions/1001568/
How to write a UTF-8 file with Java?;https://stackoverflow.com/questions/1001599/
How to write a UTF-8 file with Java?;https://stackoverflow.com/questions/1001982/
How to write a UTF-8 file with Java?;https://stackoverflow.com/questions/18751135/
How to write a UTF-8 file with Java?;https://stackoverflow.com/questions/25282857/
How to write a UTF-8 file with Java?;https://stackoverflow.com/questions/27505015/
How to write a UTF-8 file with Java?;https://stackoverflow.com/questions/36189491/
Write a file in UTF-8 using FileWriter (Java)?;https://stackoverflow.com/questions/9853002/
Write a file in UTF-8 using FileWriter (Java)?;https://stackoverflow.com/questions/9853261/
Write a file in UTF-8 using FileWriter (Java)?;https://stackoverflow.com/questions/35718889/
Write a file in UTF-8 using FileWriter (Java)?;https://stackoverflow.com/questions/46814759/
How to write file UTF8?;https://stackoverflow.com/questions/19466762/
FileOutputStream set encoding to utf-8;https://stackoverflow.com/questions/34269986/
FileOutputStream set encoding to utf-8;https://stackoverflow.com/questions/34322496/
set encoding as UTF-8 for a FileWriter;https://stackoverflow.com/questions/35135642/
set encoding as UTF-8 for a FileWriter;https://stackoverflow.com/questions/46779846/
Appending to file in utf8;https://stackoverflow.com/questions/45614594/



Get Number Of Entries In Zip File

java.util.zip.ZipException: too many entries in ZIP file;https://stackoverflow.com/questions/1058174/
Android: Get Number of Files within Zip?;https://stackoverflow.com/questions/6797957/
Android: Get Number of Files within Zip?;https://stackoverflow.com/questions/6819403/
Read Content from Files which are inside Zip file;https://stackoverflow.com/questions/15667226/
Read Content from Files which are inside Zip file;https://stackoverflow.com/questions/15667326/
Read Content from Files which are inside Zip file;https://stackoverflow.com/questions/35510439/
Read Content from Files which are inside Zip file;https://stackoverflow.com/questions/37413531/
count the number of files in archive in java;https://stackoverflow.com/questions/33910505/
count the number of files in archive in java;https://stackoverflow.com/questions/33910507/



get Last Inserted ID from mysql

How to get the insert ID in JDBC?;https://stackoverflow.com/questions/1915197/
How to get the insert ID in JDBC?;https://stackoverflow.com/questions/6463957/
How to get the insert ID in JDBC?;https://stackoverflow.com/questions/18715501/
How to get the insert ID in JDBC?;https://stackoverflow.com/questions/34262642/
How to get the insert ID in JDBC?;https://stackoverflow.com/questions/40988131/
MySQL & Java - Get id of the last inserted value (JDBC);https://stackoverflow.com/questions/4246686/
MySQL & Java - Get id of the last inserted value (JDBC);https://stackoverflow.com/questions/4246732/
Java PreparedStatement retrieving last inserted ID;https://stackoverflow.com/questions/17168885/
Get last inserted auto increment id in mysql;https://stackoverflow.com/questions/14170703/
Get last inserted auto increment id in mysql;https://stackoverflow.com/questions/17168615/
How can I get last inserted id using Hibernate;https://stackoverflow.com/questions/26902953/
How can I get last inserted id using Hibernate;https://stackoverflow.com/questions/30071569/
mysql, java - Get last inserted auto increment id from one table and insert it again on another table;https://stackoverflow.com/questions/22398527/



Returns intersection of two collections

Efficient intersection of two List<String> in Java?;https://stackoverflow.com/questions/2401199/
Efficient intersection of two List<String> in Java?;https://stackoverflow.com/questions/14177232/
Efficient intersection of two List<String> in Java?;https://stackoverflow.com/questions/25791059/
List intersection in java;https://stackoverflow.com/questions/4349418/
List intersection in java;https://stackoverflow.com/questions/4349423/
List intersection in java;https://stackoverflow.com/questions/15684223/
List intersection in java;https://stackoverflow.com/questions/34035383/
Intersection and union of ArrayLists in Java;https://stackoverflow.com/questions/5283079/
Intersection and union of ArrayLists in Java;https://stackoverflow.com/questions/5283098/
Intersection and union of ArrayLists in Java;https://stackoverflow.com/questions/5283123/
Intersection and union of ArrayLists in Java;https://stackoverflow.com/questions/16361897/
Intersection and union of ArrayLists in Java;https://stackoverflow.com/questions/25791138/
Intersection and union of ArrayLists in Java;https://stackoverflow.com/questions/29242572/
Intersection and union of ArrayLists in Java;https://stackoverflow.com/questions/43445264/
Intersection and union of ArrayLists in Java;https://stackoverflow.com/questions/46893692/
Intersection and union of ArrayLists in Java;https://stackoverflow.com/questions/47729920/
How to calculate the intersection of two sets?;https://stackoverflow.com/questions/8882126/
How to calculate the intersection of two sets?;https://stackoverflow.com/questions/8882139/
Java, find intersection of two arrays;https://stackoverflow.com/questions/17863345/
Java, find intersection of two arrays;https://stackoverflow.com/questions/37788939/
Java, find intersection of two arrays;https://stackoverflow.com/questions/39110826/
Methods with Different Signatures that Return the Intersection of Two Sets (Java);https://stackoverflow.com/questions/26307759/
Java 8 Lambda - Intersection of Two Lists;https://stackoverflow.com/questions/31683592/
Java 8 Lambda - Intersection of Two Lists;https://stackoverflow.com/questions/31691632/
Java collection methods for union, Intersection and set difference;https://stackoverflow.com/questions/38769092/
Java collection methods for union, Intersection and set difference;https://stackoverflow.com/questions/38769445/
Java - Intersection of multiple collections using stream + lambdas;https://stackoverflow.com/questions/42215091/
Java - Intersection of multiple collections using stream + lambdas;https://stackoverflow.com/questions/42218355/
Java - Intersection of multiple collections using stream + lambdas;https://stackoverflow.com/questions/42227641/



Load and play wav file

How to play .wav files with java;https://stackoverflow.com/questions/2417088/
How to play .wav files with java;https://stackoverflow.com/questions/2433454/
How to play .wav files with java;https://stackoverflow.com/questions/11025384/
How to play .wav files with java;https://stackoverflow.com/questions/11514812/
How to play .wav files with java;https://stackoverflow.com/questions/17277981/
How to play .wav files with java;https://stackoverflow.com/questions/30681605/
How to play .wav files with java;https://stackoverflow.com/questions/40303880/
How to play .wav files with java;https://stackoverflow.com/questions/45966133/
Playing .mp3 and .wav in Java?;https://stackoverflow.com/questions/10237397/
Playing .mp3 and .wav in Java?;https://stackoverflow.com/questions/10962641/
Playing .mp3 and .wav in Java?;https://stackoverflow.com/questions/12059638/
Playing .mp3 and .wav in Java?;https://stackoverflow.com/questions/17737483/
Playing .mp3 and .wav in Java?;https://stackoverflow.com/questions/22305518/
Playing .mp3 and .wav in Java?;https://stackoverflow.com/questions/24337995/
Playing .mp3 and .wav in Java?;https://stackoverflow.com/questions/28855429/
Playing .mp3 and .wav in Java?;https://stackoverflow.com/questions/50009953/
play .wav file from jar as resource using java;https://stackoverflow.com/questions/8425557/
play .wav file from jar as resource using java;https://stackoverflow.com/questions/8425570/
play .wav file from jar as resource using java;https://stackoverflow.com/questions/8425589/
play .wav file from jar as resource using java;https://stackoverflow.com/questions/17153302/
Media: Play WAV file inside JAR;https://stackoverflow.com/questions/15661511/
Java - How do I load a .wav from inside the jar?;https://stackoverflow.com/questions/31307342/


